timestamp,accelerometer_x,accelerometer_y,accelerometer_z,gyroscope_x,gyroscope_y,gyroscope_z,gravity_x,gravity_y,gravity_z,activity
0.0,0.078830495,0.97552735,0.23795582,-0.10216721,-0.10247265,-0.07223482,0.8176751,9.563056,2.0123556,standing
0.02,0.078830495,0.97552735,0.23795582,-0.10216721,-0.10247265,-0.07223482,0.8176751,9.563056,2.0123556,standing
0.04,0.078830495,0.97552735,0.23795582,-0.10216721,-0.10247265,-0.07223482,0.8176751,9.563056,2.0123556,standing
0.05,0.078830495,0.97552735,0.23795582,-0.10216721,-0.10247265,-0.07223482,0.8176751,9.563056,2.0123556,standing
0.07,0.078830495,0.97552735,0.23795582,-0.10216721,-0.10247265,-0.07223482,0.8176751,9.563056,2.0123556,standing
0.08,0.078830495,0.97552735,0.23795582,-0.10216721,-0.10247265,-0.07223482,0.8176751,9.563056,2.0123556,standing
0.1,0.078830495,0.97552735,0.23795582,-0.10216721,-0.10247265,-0.07223482,0.8176751,9.563056,2.0123556,standing
0.12,0.078830495,0.97552735,0.23795582,-0.10216721,-0.10247265,-0.07223482,0.8176751,9.563056,2.0123556,standing
0.13,0.078830495,0.97552735,0.23795582,-0.10216721,-0.10247265,-0.07223482,0.8176751,9.563056,2.0123556,standing
0.15,0.078830495,0.97552735,0.23795582,-0.18341228,0.101556346,-0.04046982,0.82510906,9.516227,2.2205467,standing
0.17,0.091033354,0.957223,0.27505252,-0.18341228,0.101556346,-0.04046982,0.82510906,9.516227,2.2205467,standing
0.19,0.091033354,0.957223,0.27505252,-0.18341228,0.101556346,-0.04046982,0.82510906,9.516227,2.2205467,standing
0.2,0.091033354,0.957223,0.27505252,-0.18341228,0.101556346,-0.04046982,0.82510906,9.516227,2.2205467,standing
0.22,0.091033354,0.957223,0.27505252,-0.18341228,0.101556346,-0.04046982,0.82510906,9.516227,2.2205467,standing
0.23,0.091033354,0.957223,0.27505252,-0.18341228,0.101556346,-0.04046982,0.82510906,9.516227,2.2205467,standing
0.25,0.091033354,0.957223,0.27505252,-0.18341228,0.101556346,-0.04046982,0.82510906,9.516227,2.2205467,standing
0.26,0.091033354,0.957223,0.27505252,-0.18341228,0.101556346,-0.04046982,0.82510906,9.516227,2.2205467,standing
0.28,0.091033354,0.957223,0.27505252,-0.18341228,0.101556346,-0.04046982,0.82510906,9.516227,2.2205467,standing
0.3,0.091033354,0.957223,0.27505252,-0.18341228,0.101556346,-0.04046982,0.82510906,9.516227,2.2205467,standing
0.31,0.091033354,0.957223,0.27505252,-0.18341228,0.101556346,-0.04046982,0.82510906,9.516227,2.2205467,standing
0.33,0.091033354,0.957223,0.27505252,0.19165897,0.019089539,0.064599,0.82510906,9.516227,2.2205467,standing
0.34,0.06467517,0.9960281,0.200371,0.19165897,0.019089539,0.064599,0.66079557,9.538663,2.1788464,standing
0.36,0.08078295,0.9437999,0.15546446,0.19165897,0.019089539,0.064599,0.66079557,9.538663,2.1788464,standing
0.39,0.08078295,0.9437999,0.15546446,0.19165897,0.019089539,0.064599,0.66079557,9.538663,2.1788464,standing
0.4,0.08078295,0.9437999,0.15546446,0.19165897,0.019089539,0.064599,0.66079557,9.538663,2.1788464,standing
0.42,0.08078295,0.9437999,0.15546446,0.19165897,0.019089539,0.064599,0.66079557,9.538663,2.1788464,standing
0.44,0.08078295,0.9437999,0.15546446,0.19165897,0.019089539,0.064599,0.66079557,9.538663,2.1788464,standing
0.45,0.08078295,0.9437999,0.15546446,0.19165897,0.019089539,0.064599,0.66079557,9.538663,2.1788464,standing
0.47,0.08078295,0.9437999,0.15546446,0.19165897,0.019089539,0.064599,0.66079557,9.538663,2.1788464,standing
0.49,0.08078295,0.9437999,0.15546446,0.19165897,0.019089539,0.064599,0.66079557,9.538663,2.1788464,standing
0.5,0.08078295,0.9437999,0.15546446,-0.25488353,-0.12568553,0.19532417,0.66079557,9.538663,2.1788464,standing
0.52,0.08078295,0.9437999,0.15546446,-0.25488353,-0.12568553,0.19532417,0.69437665,9.564941,2.0493577,standing
0.53,0.07248501,0.99309945,0.23600335,-0.25488353,-0.12568553,0.19532417,0.69437665,9.564941,2.0493577,standing
0.55,0.07248501,0.99309945,0.23600335,-0.25488353,-0.12568553,0.19532417,0.69437665,9.564941,2.0493577,standing
0.56,0.07248501,0.99309945,0.23600335,-0.25488353,-0.12568553,0.19532417,0.69437665,9.564941,2.0493577,standing
0.58,0.07248501,0.99309945,0.23600335,-0.25488353,-0.12568553,0.19532417,0.69437665,9.564941,2.0493577,standing
0.59,0.07248501,0.99309945,0.23600335,-0.25488353,-0.12568553,0.19532417,0.69437665,9.564941,2.0493577,standing
0.62,0.07248501,0.99309945,0.23600335,-0.25488353,-0.12568553,0.19532417,0.69437665,9.564941,2.0493577,standing
0.64,0.07248501,0.99309945,0.23600335,-0.25488353,-0.12568553,0.19532417,0.69437665,9.564941,2.0493577,standing
0.66,0.07248501,0.99309945,0.23600335,-0.25488353,-0.12568553,0.19532417,0.69437665,9.564941,2.0493577,standing
0.67,0.07248501,0.99309945,0.23600335,-0.25488353,-0.12568553,0.19532417,0.69437665,9.564941,2.0493577,standing
0.69,0.07248501,0.99309945,0.23600335,-0.25488353,-0.12568553,0.19532417,0.69437665,9.564941,2.0493577,standing
0.7,0.07248501,0.99309945,0.23600335,0.00290161,0.001985312,-0.054519724,0.69437665,9.564941,2.0493577,standing
0.72,0.0993313,0.9391628,0.21916342,0.00290161,0.001985312,-0.054519724,0.8774296,9.536051,2.1128242,standing
0.73,0.0993313,0.9391628,0.21916342,0.00290161,0.001985312,-0.054519724,0.8774296,9.536051,2.1128242,standing
0.75,0.0993313,0.9391628,0.21916342,0.00290161,0.001985312,-0.054519724,0.8774296,9.536051,2.1128242,standing
0.77,0.0993313,0.9391628,0.21916342,0.00290161,0.001985312,-0.054519724,0.8774296,9.536051,2.1128242,standing
0.78,0.0993313,0.9391628,0.21916342,0.00290161,0.001985312,-0.054519724,0.8774296,9.536051,2.1128242,standing
0.8,0.0993313,0.9391628,0.21916342,0.00290161,0.001985312,-0.054519724,0.8774296,9.536051,2.1128242,standing
0.81,0.0993313,0.9391628,0.21916342,0.00290161,0.001985312,-0.054519724,0.8774296,9.536051,2.1128242,standing
0.83,0.0993313,0.9391628,0.21916342,0.00290161,0.001985312,-0.054519724,0.8774296,9.536051,2.1128242,standing
0.84,0.0993313,0.9391628,0.21916342,0.00290161,0.001985312,-0.054519724,0.8774296,9.536051,2.1128242,standing
0.86,0.0993313,0.9391628,0.21916342,0.00290161,0.001985312,-0.054519724,0.8774296,9.536051,2.1128242,standing
0.89,0.09200958,0.9799203,0.22697324,-0.046578474,0.011148291,0.01572978,0.8390584,9.544958,2.0880342,standing
0.9,0.09200958,0.9799203,0.22697324,-0.046578474,0.011148291,0.01572978,0.8390584,9.544958,2.0880342,standing
0.92,0.09200958,0.9799203,0.22697324,-0.046578474,0.011148291,0.01572978,0.8390584,9.544958,2.0880342,standing
0.94,0.09200958,0.9799203,0.22697324,-0.046578474,0.011148291,0.01572978,0.8390584,9.544958,2.0880342,standing
0.95,0.09200958,0.9799203,0.22697324,-0.046578474,0.011148291,0.01572978,0.8390584,9.544958,2.0880342,standing
0.97,0.09200958,0.9799203,0.22697324,-0.046578474,0.011148291,0.01572978,0.8390584,9.544958,2.0880342,standing
0.99,0.09200958,0.9799203,0.22697324,-0.046578474,0.011148291,0.01572978,0.8390584,9.544958,2.0880342,standing
1.0,0.09200958,0.9799203,0.22697324,-0.046578474,0.011148291,0.01572978,0.8390584,9.544958,2.0880342,standing
1.02,0.09200958,0.9799203,0.22697324,-0.046578474,0.011148291,0.01572978,0.8390584,9.544958,2.0880342,standing
1.03,0.09200958,0.9799203,0.22697324,-0.046578474,0.011148291,0.01572978,0.8390584,9.544958,2.0880342,standing
1.05,0.09200958,0.9799203,0.22697324,-0.046578474,0.011148291,0.01572978,0.8390584,9.544958,2.0880342,standing
1.06,0.09200958,0.9799203,0.22697324,-0.007483099,0.03863723,-0.051465396,0.8276585,9.5496645,2.0709748,standing
1.08,0.09200958,0.9799203,0.22697324,-0.007483099,0.03863723,-0.051465396,0.8276585,9.5496645,2.0709748,standing
1.09,0.08981306,0.9669853,0.2072046,-0.007483099,0.03863723,-0.051465396,0.8276585,9.5496645,2.0709748,standing
1.11,0.08981306,0.9669853,0.2072046,-0.007483099,0.03863723,-0.051465396,0.8276585,9.5496645,2.0709748,standing
1.13,0.08981306,0.9669853,0.2072046,-0.007483099,0.03863723,-0.051465396,0.8276585,9.5496645,2.0709748,standing
1.16,0.08981306,0.9669853,0.2072046,-0.007483099,0.03863723,-0.051465396,0.8276585,9.5496645,2.0709748,standing
1.17,0.08981306,0.9669853,0.2072046,-0.007483099,0.03863723,-0.051465396,0.8276585,9.5496645,2.0709748,standing
1.19,0.08981306,0.9669853,0.2072046,-0.007483099,0.03863723,-0.051465396,0.8276585,9.5496645,2.0709748,standing
1.21,0.08981306,0.9669853,0.2072046,-0.007483099,0.03863723,-0.051465396,0.8276585,9.5496645,2.0709748,standing
1.22,0.08981306,0.9669853,0.2072046,-0.007483099,0.03863723,-0.051465396,0.8276585,9.5496645,2.0709748,standing
1.24,0.08981306,0.9669853,0.2072046,-0.025198191,-0.0786489,-0.09972375,0.8276585,9.5496645,2.0709748,standing
1.25,0.065163285,0.97284275,0.2111095,-0.025198191,-0.0786489,-0.09972375,0.7535639,9.56511,2.027522,standing
1.27,0.065163285,0.97284275,0.2111095,-0.025198191,-0.0786489,-0.09972375,0.7535639,9.56511,2.027522,standing
1.28,0.13032657,0.923055,0.21891935,-0.025198191,-0.0786489,-0.09972375,0.7535639,9.56511,2.027522,standing
1.3,0.13032657,0.923055,0.21891935,-0.025198191,-0.0786489,-0.09972375,0.7535639,9.56511,2.027522,standing
1.32,0.13032657,0.923055,0.21891935,-0.025198191,-0.0786489,-0.09972375,0.7535639,9.56511,2.027522,standing
1.33,0.13032657,0.923055,0.21891935,-0.025198191,-0.0786489,-0.09972375,0.7535639,9.56511,2.027522,standing
1.35,0.13032657,0.923055,0.21891935,-0.025198191,-0.0786489,-0.09972375,0.7535639,9.56511,2.027522,standing
1.36,0.13032657,0.923055,0.21891935,-0.025198191,-0.0786489,-0.09972375,0.7535639,9.56511,2.027522,standing
1.39,0.13032657,0.923055,0.21891935,-0.025198191,-0.0786489,-0.09972375,0.7535639,9.56511,2.027522,standing
1.41,0.13032657,0.923055,0.21891935,0.72127914,1.6757561,0.04505131,0.32955346,9.6526985,1.6990397,standing
1.42,0.13032657,0.923055,0.21891935,0.72127914,1.6757561,0.04505131,0.32955346,9.6526985,1.6990397,standing
1.44,-0.02318544,0.9567349,-0.01854835,0.72127914,1.6757561,0.04505131,0.32955346,9.6526985,1.6990397,standing
1.46,-0.02318544,0.9567349,-0.01854835,0.72127914,1.6757561,0.04505131,0.32955346,9.6526985,1.6990397,standing
1.47,-0.02318544,0.9567349,-0.01854835,0.72127914,1.6757561,0.04505131,0.32955346,9.6526985,1.6990397,standing
1.49,-0.02318544,0.9567349,-0.01854835,0.72127914,1.6757561,0.04505131,0.32955346,9.6526985,1.6990397,standing
1.5,-0.02318544,0.9567349,-0.01854835,0.72127914,1.6757561,0.04505131,0.32955346,9.6526985,1.6990397,standing
1.52,-0.02318544,0.9567349,-0.01854835,0.72127914,1.6757561,0.04505131,0.32955346,9.6526985,1.6990397,standing
1.53,-0.02318544,0.9567349,-0.01854835,0.72127914,1.6757561,0.04505131,0.32955346,9.6526985,1.6990397,standing
1.55,-0.02318544,0.9567349,-0.01854835,0.72127914,1.6757561,0.04505131,0.32955346,9.6526985,1.6990397,standing
1.57,-0.02318544,0.9567349,-0.01854835,0.72127914,1.6757561,0.04505131,0.32955346,9.6526985,1.6990397,standing
1.58,-0.02318544,0.9567349,-0.01854835,0.72127914,1.6757561,0.04505131,0.32955346,9.6526985,1.6990397,standing
1.6,-0.02318544,0.9567349,-0.01854835,0.72127914,1.6757561,0.04505131,0.32955346,9.6526985,1.6990397,standing
1.61,-0.02318544,0.9567349,-0.01854835,0.068264194,0.13087788,0.20265454,0.6046072,9.587338,1.9716909,standing
1.63,0.050031736,0.96869373,0.2801777,0.068264194,0.13087788,0.20265454,0.6046072,9.587338,1.9716909,standing
1.64,0.10494461,0.9506335,0.15619664,0.068264194,0.13087788,0.20265454,0.6046072,9.587338,1.9716909,standing
1.66,0.10494461,0.9506335,0.15619664,0.068264194,0.13087788,0.20265454,0.6046072,9.587338,1.9716909,standing
1.69,0.10494461,0.9506335,0.15619664,0.068264194,0.13087788,0.20265454,0.6046072,9.587338,1.9716909,standing
1.7,0.10494461,0.9506335,0.15619664,0.068264194,0.13087788,0.20265454,0.6046072,9.587338,1.9716909,standing
1.72,0.10494461,0.9506335,0.15619664,0.068264194,0.13087788,0.20265454,0.6046072,9.587338,1.9716909,standing
1.74,0.10494461,0.9506335,0.15619664,0.068264194,0.13087788,0.20265454,0.6046072,9.587338,1.9716909,standing
1.76,0.10494461,0.9506335,0.15619664,0.068264194,0.13087788,0.20265454,0.6046072,9.587338,1.9716909,standing
1.77,0.10494461,0.9506335,0.15619664,-0.05085453,-0.09330966,0.08903361,0.6341575,9.584928,1.974121,standing
1.79,0.10494461,0.9506335,0.15619664,-0.05085453,-0.09330966,0.08903361,0.6341575,9.584928,1.974121,standing
1.8,0.06760386,0.9787001,0.21501444,-0.05085453,-0.09330966,0.08903361,0.6341575,9.584928,1.974121,standing
1.82,0.06760386,0.9787001,0.21501444,-0.05085453,-0.09330966,0.08903361,0.6341575,9.584928,1.974121,standing
1.83,0.06760386,0.9787001,0.21501444,-0.05085453,-0.09330966,0.08903361,0.6341575,9.584928,1.974121,standing
1.85,0.06760386,0.9787001,0.21501444,-0.05085453,-0.09330966,0.08903361,0.6341575,9.584928,1.974121,standing
1.86,0.06760386,0.9787001,0.21501444,-0.05085453,-0.09330966,0.08903361,0.6341575,9.584928,1.974121,standing
1.89,0.06760386,0.9787001,0.21501444,-0.05085453,-0.09330966,0.08903361,0.6341575,9.584928,1.974121,standing
1.9,0.06760386,0.9787001,0.21501444,-0.05085453,-0.09330966,0.08903361,0.6341575,9.584928,1.974121,standing
1.92,0.06760386,0.9787001,0.21501444,-0.05085453,-0.09330966,0.08903361,0.6341575,9.584928,1.974121,standing
1.94,0.06760386,0.9787001,0.21501444,-0.05085453,-0.09330966,0.08903361,0.6341575,9.584928,1.974121,standing
1.96,0.06760386,0.9787001,0.21501444,-0.05085453,-0.09330966,0.08903361,0.6341575,9.584928,1.974121,standing
1.97,0.06760386,0.9787001,0.21501444,0.12140947,-0.07315111,0.12018774,0.76231885,9.579805,1.9535295,standing
1.99,0.1010397,0.96576506,0.1483868,0.12140947,-0.07315111,0.12018774,0.76231885,9.579805,1.9535295,standing
2.0,0.1010397,0.96576506,0.1483868,0.12140947,-0.07315111,0.12018774,0.76231885,9.579805,1.9535295,standing
2.02,0.1010397,0.96576506,0.1483868,0.12140947,-0.07315111,0.12018774,0.76231885,9.579805,1.9535295,standing
2.03,0.1010397,0.96576506,0.1483868,0.12140947,-0.07315111,0.12018774,0.76231885,9.579805,1.9535295,standing
2.05,0.1010397,0.96576506,0.1483868,0.12140947,-0.07315111,0.12018774,0.76231885,9.579805,1.9535295,standing
2.07,0.1010397,0.96576506,0.1483868,0.12140947,-0.07315111,0.12018774,0.76231885,9.579805,1.9535295,standing
2.09,0.1010397,0.96576506,0.1483868,0.12140947,-0.07315111,0.12018774,0.76231885,9.579805,1.9535295,standing
2.1,0.1010397,0.96576506,0.1483868,0.12140947,-0.07315111,0.12018774,0.76231885,9.579805,1.9535295,standing
2.12,0.1010397,0.96576506,0.1483868,0.12140947,-0.07315111,0.12018774,0.76231885,9.579805,1.9535295,standing
2.13,0.1010397,0.96576506,0.1483868,-0.06001751,-0.024281893,-0.016646078,0.8942843,9.577818,1.906747,standing
2.15,0.1010397,0.96576506,0.1483868,-0.06001751,-0.024281893,-0.016646078,0.8942843,9.577818,1.906747,standing
2.17,0.08688438,0.9816288,0.2169669,-0.06001751,-0.024281893,-0.016646078,0.8942843,9.577818,1.906747,standing
2.18,0.08688438,0.9816288,0.2169669,-0.06001751,-0.024281893,-0.016646078,0.8942843,9.577818,1.906747,standing
2.2,0.08688438,0.9816288,0.2169669,-0.06001751,-0.024281893,-0.016646078,0.8942843,9.577818,1.906747,standing
2.22,0.08688438,0.9816288,0.2169669,-0.06001751,-0.024281893,-0.016646078,0.8942843,9.577818,1.906747,standing
2.24,0.08688438,0.9816288,0.2169669,-0.06001751,-0.024281893,-0.016646078,0.8942843,9.577818,1.906747,standing
2.25,0.08688438,0.9816288,0.2169669,-0.06001751,-0.024281893,-0.016646078,0.8942843,9.577818,1.906747,standing
2.27,0.08688438,0.9816288,0.2169669,-0.06001751,-0.024281893,-0.016646078,0.8942843,9.577818,1.906747,standing
2.29,0.08688438,0.9816288,0.2169669,-0.06001751,-0.024281893,-0.016646078,0.8942843,9.577818,1.906747,standing
2.3,0.08688438,0.9816288,0.2169669,-0.06001751,-0.024281893,-0.016646078,0.8942843,9.577818,1.906747,standing
2.32,0.08688438,0.9816288,0.2169669,-0.0013744468,0.04841107,0.10369437,0.9028186,9.572401,1.9297804,standing
2.34,0.082491346,0.9821169,0.19378147,-0.0013744468,0.04841107,0.10369437,0.9028186,9.572401,1.9297804,standing
2.35,0.082491346,0.9821169,0.19378147,-0.0013744468,0.04841107,0.10369437,0.9028186,9.572401,1.9297804,standing
2.37,0.082491346,0.9821169,0.19378147,-0.0013744468,0.04841107,0.10369437,0.9028186,9.572401,1.9297804,standing
2.39,0.082491346,0.9821169,0.19378147,-0.0013744468,0.04841107,0.10369437,0.9028186,9.572401,1.9297804,standing
2.4,0.082491346,0.9821169,0.19378147,-0.0013744468,0.04841107,0.10369437,0.9028186,9.572401,1.9297804,standing
2.42,0.082491346,0.9821169,0.19378147,-0.0013744468,0.04841107,0.10369437,0.9028186,9.572401,1.9297804,standing
2.44,0.082491346,0.9821169,0.19378147,-0.0013744468,0.04841107,0.10369437,0.9028186,9.572401,1.9297804,standing
2.46,0.082491346,0.9821169,0.19378147,-0.0013744468,0.04841107,0.10369437,0.9028186,9.572401,1.9297804,standing
2.47,0.082491346,0.9821169,0.19378147,-0.0013744468,0.04841107,0.10369437,0.9028186,9.572401,1.9297804,standing
2.49,0.082491346,0.9821169,0.19378147,-0.0013744468,0.04841107,0.10369437,0.9028186,9.572401,1.9297804,standing
2.5,0.082491346,0.9821169,0.19378147,-0.008093964,-0.024892759,0.0346666,0.99603057,9.564254,1.9243568,standing
2.52,0.082491346,0.9821169,0.19378147,-0.008093964,-0.024892759,0.0346666,0.99603057,9.564254,1.9243568,standing
2.53,0.08712844,0.96820563,0.20671648,-0.008093964,-0.024892759,0.0346666,0.99603057,9.564254,1.9243568,standing
2.55,0.08712844,0.96820563,0.20671648,-0.008093964,-0.024892759,0.0346666,0.99603057,9.564254,1.9243568,standing
2.57,0.08712844,0.96820563,0.20671648,-0.008093964,-0.024892759,0.0346666,0.99603057,9.564254,1.9243568,standing
2.58,0.08712844,0.96820563,0.20671648,-0.008093964,-0.024892759,0.0346666,0.99603057,9.564254,1.9243568,standing
2.6,0.08712844,0.96820563,0.20671648,-0.008093964,-0.024892759,0.0346666,0.99603057,9.564254,1.9243568,standing
2.61,0.08712844,0.96820563,0.20671648,-0.008093964,-0.024892759,0.0346666,0.99603057,9.564254,1.9243568,standing
2.63,0.08712844,0.96820563,0.20671648,-0.008093964,-0.024892759,0.0346666,0.99603057,9.564254,1.9243568,standing
2.64,0.08712844,0.96820563,0.20671648,-0.008093964,-0.024892759,0.0346666,0.99603057,9.564254,1.9243568,standing
2.66,0.08712844,0.96820563,0.20671648,-0.008093964,-0.024892759,0.0346666,0.99603057,9.564254,1.9243568,standing
2.67,0.08712844,0.96820563,0.20671648,-0.0759,-0.08109236,0.16355917,1.1321219,9.550861,1.9155271,standing
2.69,0.08712844,0.96820563,0.20671648,-0.0759,-0.08109236,0.16355917,1.1321219,9.550861,1.9155271,standing
2.71,0.15619664,0.96308035,0.20647243,-0.0759,-0.08109236,0.16355917,1.1321219,9.550861,1.9155271,standing
2.72,0.15619664,0.96308035,0.20647243,-0.0759,-0.08109236,0.16355917,1.1321219,9.550861,1.9155271,standing
2.74,0.15619664,0.96308035,0.20647243,-0.0759,-0.08109236,0.16355917,1.1321219,9.550861,1.9155271,standing
2.75,0.15619664,0.96308035,0.20647243,-0.0759,-0.08109236,0.16355917,1.1321219,9.550861,1.9155271,standing
2.77,0.15619664,0.96308035,0.20647243,-0.0759,-0.08109236,0.16355917,1.1321219,9.550861,1.9155271,standing
2.79,0.15619664,0.96308035,0.20647243,-0.0759,-0.08109236,0.16355917,1.1321219,9.550861,1.9155271,standing
2.81,0.15619664,0.96308035,0.20647243,-0.0759,-0.08109236,0.16355917,1.1321219,9.550861,1.9155271,standing
2.82,0.15619664,0.96308035,0.20647243,-0.0759,-0.08109236,0.16355917,1.1321219,9.550861,1.9155271,standing
2.84,0.15619664,0.96308035,0.20647243,-0.0759,-0.08109236,0.16355917,1.1321219,9.550861,1.9155271,standing
2.85,0.15619664,0.96308035,0.20647243,0.018784106,-0.02855795,0.040775254,1.1810554,9.543696,1.9217283,standing
2.87,0.15619664,0.96308035,0.20647243,0.018784106,-0.02855795,0.040775254,1.1810554,9.543696,1.9217283,standing
2.89,0.1415532,0.9704022,0.20256752,0.018784106,-0.02855795,0.040775254,1.1810554,9.543696,1.9217283,standing
2.9,0.11665936,0.9718665,0.1901206,0.018784106,-0.02855795,0.040775254,1.1810554,9.543696,1.9217283,standing
2.92,0.11665936,0.9718665,0.1901206,0.018784106,-0.02855795,0.040775254,1.1810554,9.543696,1.9217283,standing
2.94,0.11665936,0.9718665,0.1901206,0.018784106,-0.02855795,0.040775254,1.1810554,9.543696,1.9217283,standing
2.96,0.11665936,0.9718665,0.1901206,0.018784106,-0.02855795,0.040775254,1.1810554,9.543696,1.9217283,standing
2.97,0.11665936,0.9718665,0.1901206,0.018784106,-0.02855795,0.040775254,1.1810554,9.543696,1.9217283,standing
2.99,0.11665936,0.9718665,0.1901206,0.018784106,-0.02855795,0.040775254,1.1810554,9.543696,1.9217283,standing
3.0,0.11665936,0.9718665,0.1901206,0.018784106,-0.02855795,0.040775254,1.1810554,9.543696,1.9217283,standing
3.02,0.11665936,0.9718665,0.1901206,0.018784106,-0.02855795,0.040775254,1.1810554,9.543696,1.9217283,standing
3.03,0.11665936,0.9718665,0.1901206,-0.016646078,0.03436117,-0.06490443,1.1899407,9.54608,1.9043761,standing
3.05,0.11665936,0.9718665,0.1901206,-0.016646078,0.03436117,-0.06490443,1.1899407,9.54608,1.9043761,standing
3.06,0.11665936,0.9718665,0.1901206,-0.016646078,0.03436117,-0.06490443,1.1899407,9.54608,1.9043761,standing
3.08,0.13325526,0.9811407,0.18157859,-0.016646078,0.03436117,-0.06490443,1.1899407,9.54608,1.9043761,standing
3.1,0.13325526,0.9811407,0.18157859,-0.016646078,0.03436117,-0.06490443,1.1899407,9.54608,1.9043761,standing
3.11,0.13325526,0.9811407,0.18157859,-0.016646078,0.03436117,-0.06490443,1.1899407,9.54608,1.9043761,standing
3.13,0.13325526,0.9811407,0.18157859,-0.016646078,0.03436117,-0.06490443,1.1899407,9.54608,1.9043761,standing
3.14,0.13325526,0.9811407,0.18157859,-0.016646078,0.03436117,-0.06490443,1.1899407,9.54608,1.9043761,standing
3.16,0.13325526,0.9811407,0.18157859,-0.016646078,0.03436117,-0.06490443,1.1899407,9.54608,1.9043761,standing
3.17,0.13325526,0.9811407,0.18157859,-0.016646078,0.03436117,-0.06490443,1.1899407,9.54608,1.9043761,standing
3.19,0.13325526,0.9811407,0.18157859,-0.016646078,0.03436117,-0.06490443,1.1899407,9.54608,1.9043761,standing
3.21,0.13325526,0.9811407,0.18157859,-0.016646078,0.03436117,-0.06490443,1.1899407,9.54608,1.9043761,standing
3.22,0.13325526,0.9811407,0.18157859,0.016340645,-0.025503624,-0.004428773,1.1410002,9.54805,1.9243177,standing
3.24,0.08078295,0.9796763,0.19646609,0.016340645,-0.025503624,-0.004428773,1.1410002,9.54805,1.9243177,standing
3.25,0.08078295,0.9796763,0.19646609,0.016340645,-0.025503624,-0.004428773,1.1410002,9.54805,1.9243177,standing
3.27,0.08078295,0.9796763,0.19646609,0.016340645,-0.025503624,-0.004428773,1.1410002,9.54805,1.9243177,standing
3.29,0.08078295,0.9796763,0.19646609,0.016340645,-0.025503624,-0.004428773,1.1410002,9.54805,1.9243177,standing
3.3,0.08078295,0.9796763,0.19646609,0.016340645,-0.025503624,-0.004428773,1.1410002,9.54805,1.9243177,standing
3.32,0.08078295,0.9796763,0.19646609,0.016340645,-0.025503624,-0.004428773,1.1410002,9.54805,1.9243177,standing
3.34,0.08078295,0.9796763,0.19646609,0.016340645,-0.025503624,-0.004428773,1.1410002,9.54805,1.9243177,standing
3.35,0.08078295,0.9796763,0.19646609,0.016340645,-0.025503624,-0.004428773,1.1410002,9.54805,1.9243177,standing
3.37,0.08078295,0.9796763,0.19646609,0.016340645,-0.025503624,-0.004428773,1.1410002,9.54805,1.9243177,standing
3.39,0.08078295,0.9796763,0.19646609,0.016340645,-0.025503624,-0.004428773,1.1410002,9.54805,1.9243177,standing
3.4,0.08078295,0.9796763,0.19646609,0.0010690142,0.0050396384,0.02733622,1.164256,9.551988,1.8905042,standing
3.42,0.14472595,0.96869373,0.19304928,0.0010690142,0.0050396384,0.02733622,1.164256,9.551988,1.8905042,standing
3.44,0.14472595,0.96869373,0.19304928,0.0010690142,0.0050396384,0.02733622,1.164256,9.551988,1.8905042,standing
3.46,0.14472595,0.96869373,0.19304928,0.0010690142,0.0050396384,0.02733622,1.164256,9.551988,1.8905042,standing
3.47,0.14472595,0.96869373,0.19304928,0.0010690142,0.0050396384,0.02733622,1.164256,9.551988,1.8905042,standing
3.49,0.14472595,0.96869373,0.19304928,0.0010690142,0.0050396384,0.02733622,1.164256,9.551988,1.8905042,standing
3.5,0.14472595,0.96869373,0.19304928,0.0010690142,0.0050396384,0.02733622,1.164256,9.551988,1.8905042,standing
3.52,0.14472595,0.96869373,0.19304928,0.0010690142,0.0050396384,0.02733622,1.164256,9.551988,1.8905042,standing
3.53,0.14472595,0.96869373,0.19304928,0.0010690142,0.0050396384,0.02733622,1.164256,9.551988,1.8905042,standing
3.55,0.14472595,0.96869373,0.19304928,0.0010690142,0.0050396384,0.02733622,1.164256,9.551988,1.8905042,standing
3.57,0.14472595,0.96869373,0.19304928,0.0010690142,0.0050396384,0.02733622,1.164256,9.551988,1.8905042,standing
3.58,0.14472595,0.96869373,0.19304928,-0.024587326,-0.04138612,0.043218717,1.164256,9.551988,1.8905042,standing
3.6,0.14814276,0.9684497,0.20256752,-0.024587326,-0.04138612,0.043218717,1.2021701,9.54942,1.8797309,standing
3.61,0.10177187,0.98016447,0.17767367,-0.024587326,-0.04138612,0.043218717,1.2021701,9.54942,1.8797309,standing
3.63,0.122760795,0.9806526,0.19085276,-0.024587326,-0.04138612,0.043218717,1.2021701,9.54942,1.8797309,standing
3.64,0.122760795,0.9806526,0.19085276,-0.024587326,-0.04138612,0.043218717,1.2021701,9.54942,1.8797309,standing
3.66,0.122760795,0.9806526,0.19085276,-0.024587326,-0.04138612,0.043218717,1.2021701,9.54942,1.8797309,standing
3.67,0.122760795,0.9806526,0.19085276,-0.024587326,-0.04138612,0.043218717,1.2021701,9.54942,1.8797309,standing
3.69,0.122760795,0.9806526,0.19085276,-0.024587326,-0.04138612,0.043218717,1.2021701,9.54942,1.8797309,standing
3.71,0.122760795,0.9806526,0.19085276,-0.024587326,-0.04138612,0.043218717,1.2021701,9.54942,1.8797309,standing
3.72,0.122760795,0.9806526,0.19085276,-0.024587326,-0.04138612,0.043218717,1.2021701,9.54942,1.8797309,standing
3.74,0.122760795,0.9806526,0.19085276,-0.024587326,-0.04138612,0.043218717,1.2021701,9.54942,1.8797309,standing
3.75,0.122760795,0.9806526,0.19085276,-0.009315695,0.021533,-0.05757405,1.1970453,9.547872,1.8909076,standing
3.77,0.122760795,0.9806526,0.19085276,-0.009315695,0.021533,-0.05757405,1.1970453,9.547872,1.8909076,standing
3.78,0.122516744,0.966009,0.208913,-0.009315695,0.021533,-0.05757405,1.1970453,9.547872,1.8909076,standing
3.81,0.122516744,0.966009,0.208913,-0.009315695,0.021533,-0.05757405,1.1970453,9.547872,1.8909076,standing
3.82,0.122516744,0.966009,0.208913,-0.009315695,0.021533,-0.05757405,1.1970453,9.547872,1.8909076,standing
3.84,0.122516744,0.966009,0.208913,-0.009315695,0.021533,-0.05757405,1.1970453,9.547872,1.8909076,standing
3.86,0.122516744,0.966009,0.208913,-0.009315695,0.021533,-0.05757405,1.1970453,9.547872,1.8909076,standing
3.87,0.122516744,0.966009,0.208913,-0.009315695,0.021533,-0.05757405,1.1970453,9.547872,1.8909076,standing
3.89,0.122516744,0.966009,0.208913,-0.009315695,0.021533,-0.05757405,1.1970453,9.547872,1.8909076,standing
3.9,0.122516744,0.966009,0.208913,-0.009315695,0.021533,-0.05757405,1.1970453,9.547872,1.8909076,standing
3.92,0.122516744,0.966009,0.208913,-0.009315695,0.021533,-0.05757405,1.1970453,9.547872,1.8909076,standing
3.94,0.122516744,0.966009,0.208913,-0.009315695,0.021533,-0.05757405,1.1970453,9.547872,1.8909076,standing
3.96,0.122516744,0.966009,0.208913,0.009010263,-0.018784106,-0.013591751,1.1703085,9.554132,1.8759254,standing
3.97,0.1295944,0.9608839,0.17718557,0.009010263,-0.018784106,-0.013591751,1.1703085,9.554132,1.8759254,standing
3.99,0.1295944,0.9608839,0.17718557,0.009010263,-0.018784106,-0.013591751,1.1703085,9.554132,1.8759254,standing
4.0,0.1295944,0.9608839,0.17718557,0.009010263,-0.018784106,-0.013591751,1.1703085,9.554132,1.8759254,standing
4.02,0.1295944,0.9608839,0.17718557,0.009010263,-0.018784106,-0.013591751,1.1703085,9.554132,1.8759254,standing
4.03,0.1295944,0.9608839,0.17718557,0.009010263,-0.018784106,-0.013591751,1.1703085,9.554132,1.8759254,standing
4.05,0.1295944,0.9608839,0.17718557,0.009010263,-0.018784106,-0.013591751,1.1703085,9.554132,1.8759254,standing
4.07,0.1295944,0.9608839,0.17718557,0.009010263,-0.018784106,-0.013591751,1.1703085,9.554132,1.8759254,standing
4.08,0.1295944,0.9608839,0.17718557,0.009010263,-0.018784106,-0.013591751,1.1703085,9.554132,1.8759254,standing
4.1,0.1295944,0.9608839,0.17718557,0.009010263,-0.018784106,-0.013591751,1.1703085,9.554132,1.8759254,standing
4.11,0.1295944,0.9608839,0.17718557,-0.012370021,-0.020616703,0.01817324,1.0884101,9.565997,1.8647046,standing
4.13,0.1295944,0.9608839,0.17718557,-0.012370021,-0.020616703,0.01817324,1.0884101,9.565997,1.8647046,standing
4.14,0.14130914,0.9618601,0.18938842,-0.012370021,-0.020616703,0.01817324,1.0884101,9.565997,1.8647046,standing
4.16,0.09689073,0.98040843,0.17206036,-0.012370021,-0.020616703,0.01817324,1.0884101,9.565997,1.8647046,standing
4.18,0.09689073,0.98040843,0.17206036,-0.012370021,-0.020616703,0.01817324,1.0884101,9.565997,1.8647046,standing
4.19,0.09689073,0.98040843,0.17206036,-0.012370021,-0.020616703,0.01817324,1.0884101,9.565997,1.8647046,standing
4.21,0.09689073,0.98040843,0.17206036,-0.012370021,-0.020616703,0.01817324,1.0884101,9.565997,1.8647046,standing
4.22,0.09689073,0.98040843,0.17206036,-0.012370021,-0.020616703,0.01817324,1.0884101,9.565997,1.8647046,standing
4.24,0.09689073,0.98040843,0.17206036,-0.012370021,-0.020616703,0.01817324,1.0884101,9.565997,1.8647046,standing
4.25,0.09689073,0.98040843,0.17206036,-0.012370021,-0.020616703,0.01817324,1.0884101,9.565997,1.8647046,standing
4.27,0.09689073,0.98040843,0.17206036,-0.012370021,-0.020616703,0.01817324,1.0884101,9.565997,1.8647046,standing
4.29,0.09689073,0.98040843,0.17206036,-0.012370021,-0.020616703,0.01817324,1.0884101,9.565997,1.8647046,standing
4.3,0.09689073,0.98040843,0.17206036,0.021227567,-0.0035124752,0.035888333,1.0030402,9.577839,1.8517385,standing
4.32,0.09689073,0.98040843,0.17206036,0.021227567,-0.0035124752,0.035888333,1.0030402,9.577839,1.8517385,standing
4.34,0.10030753,0.978212,0.18353106,0.021227567,-0.0035124752,0.035888333,1.0030402,9.577839,1.8517385,standing
4.36,0.10030753,0.978212,0.18353106,0.021227567,-0.0035124752,0.035888333,1.0030402,9.577839,1.8517385,standing
4.37,0.10030753,0.978212,0.18353106,0.021227567,-0.0035124752,0.035888333,1.0030402,9.577839,1.8517385,standing
4.39,0.10030753,0.978212,0.18353106,0.021227567,-0.0035124752,0.035888333,1.0030402,9.577839,1.8517385,standing
4.4,0.10030753,0.978212,0.18353106,0.021227567,-0.0035124752,0.035888333,1.0030402,9.577839,1.8517385,standing
4.42,0.10030753,0.978212,0.18353106,0.021227567,-0.0035124752,0.035888333,1.0030402,9.577839,1.8517385,standing
4.44,0.10030753,0.978212,0.18353106,0.021227567,-0.0035124752,0.035888333,1.0030402,9.577839,1.8517385,standing
4.46,0.10030753,0.978212,0.18353106,0.021227567,-0.0035124752,0.035888333,1.0030402,9.577839,1.8517385,standing
4.47,0.10030753,0.978212,0.18353106,0.021227567,-0.0035124752,0.035888333,1.0030402,9.577839,1.8517385,standing
4.49,0.10030753,0.978212,0.18353106,-0.014202617,-0.04016439,-0.046578474,1.0683459,9.569273,1.8595077,standing
4.5,0.10030753,0.978212,0.18353106,-0.014202617,-0.04016439,-0.046578474,1.0683459,9.569273,1.8595077,standing
4.52,0.09200958,0.98382527,0.18938842,-0.014202617,-0.04016439,-0.046578474,1.0683459,9.569273,1.8595077,standing
4.53,0.09200958,0.98382527,0.18938842,-0.014202617,-0.04016439,-0.046578474,1.0683459,9.569273,1.8595077,standing
4.55,0.09200958,0.98382527,0.18938842,-0.014202617,-0.04016439,-0.046578474,1.0683459,9.569273,1.8595077,standing
4.57,0.09200958,0.98382527,0.18938842,-0.014202617,-0.04016439,-0.046578474,1.0683459,9.569273,1.8595077,standing
4.58,0.09200958,0.98382527,0.18938842,-0.014202617,-0.04016439,-0.046578474,1.0683459,9.569273,1.8595077,standing
4.6,0.09200958,0.98382527,0.18938842,-0.014202617,-0.04016439,-0.046578474,1.0683459,9.569273,1.8595077,standing
4.61,0.09200958,0.98382527,0.18938842,-0.014202617,-0.04016439,-0.046578474,1.0683459,9.569273,1.8595077,standing
4.63,0.09200958,0.98382527,0.18938842,-0.014202617,-0.04016439,-0.046578474,1.0683459,9.569273,1.8595077,standing
4.64,0.09200958,0.98382527,0.18938842,-0.014202617,-0.04016439,-0.046578474,1.0683459,9.569273,1.8595077,standing
4.66,0.09200958,0.98382527,0.18938842,0.05177083,0.020922136,0.0346666,1.0683459,9.569273,1.8595077,standing
4.67,0.09200958,0.98382527,0.18938842,0.05177083,0.020922136,0.0346666,1.0700483,9.567402,1.8681209,standing
4.69,0.102992155,0.9713784,0.17352471,0.05177083,0.020922136,0.0346666,1.0700483,9.567402,1.8681209,standing
4.71,0.102992155,0.9713784,0.17352471,0.05177083,0.020922136,0.0346666,1.0700483,9.567402,1.8681209,standing
4.72,0.102992155,0.9713784,0.17352471,0.05177083,0.020922136,0.0346666,1.0700483,9.567402,1.8681209,standing
4.74,0.102992155,0.9713784,0.17352471,0.05177083,0.020922136,0.0346666,1.0700483,9.567402,1.8681209,standing
4.75,0.102992155,0.9713784,0.17352471,0.05177083,0.020922136,0.0346666,1.0700483,9.567402,1.8681209,standing
4.77,0.102992155,0.9713784,0.17352471,0.05177083,0.020922136,0.0346666,1.0700483,9.567402,1.8681209,standing
4.78,0.102992155,0.9713784,0.17352471,0.05177083,0.020922136,0.0346666,1.0700483,9.567402,1.8681209,standing
4.8,0.102992155,0.9713784,0.17352471,0.05177083,0.020922136,0.0346666,1.0700483,9.567402,1.8681209,standing
4.82,0.102992155,0.9713784,0.17352471,0.05177083,0.020922136,0.0346666,1.0700483,9.567402,1.8681209,standing
4.83,0.102992155,0.9713784,0.17352471,0.05177083,0.020922136,0.0346666,1.0700483,9.567402,1.8681209,standing
4.85,0.102992155,0.9713784,0.17352471,-0.054519724,-0.08659015,-0.012980887,1.0915649,9.585323,1.7607471,standing
4.87,0.0924977,0.9789441,0.17572121,-0.054519724,-0.08659015,-0.012980887,1.0915649,9.585323,1.7607471,standing
4.89,0.0924977,0.9789441,0.17572121,-0.054519724,-0.08659015,-0.012980887,1.0915649,9.585323,1.7607471,standing
4.91,0.0924977,0.9789441,0.17572121,-0.054519724,-0.08659015,-0.012980887,1.0915649,9.585323,1.7607471,standing
4.92,0.0924977,0.9789441,0.17572121,-0.054519724,-0.08659015,-0.012980887,1.0915649,9.585323,1.7607471,standing
4.94,0.0924977,0.9789441,0.17572121,-0.054519724,-0.08659015,-0.012980887,1.0915649,9.585323,1.7607471,standing
4.96,0.0924977,0.9789441,0.17572121,-0.054519724,-0.08659015,-0.012980887,1.0915649,9.585323,1.7607471,standing
4.97,0.0924977,0.9789441,0.17572121,-0.054519724,-0.08659015,-0.012980887,1.0915649,9.585323,1.7607471,standing
4.99,0.0924977,0.9789441,0.17572121,-0.054519724,-0.08659015,-0.012980887,1.0915649,9.585323,1.7607471,standing
5.01,0.0924977,0.9789441,0.17572121,-0.054519724,-0.08659015,-0.012980887,1.0915649,9.585323,1.7607471,standing
5.02,0.0924977,0.9789441,0.17572121,-0.041080687,-0.0016798794,-0.0038179078,1.0915649,9.585323,1.7607471,standing
5.04,0.0924977,0.9789441,0.17572121,-0.041080687,-0.0016798794,-0.0038179078,1.0546389,9.592627,1.7433853,standing
5.05,0.08322352,0.98382527,0.17084008,-0.041080687,-0.0016798794,-0.0038179078,1.0546389,9.592627,1.7433853,standing
5.07,0.08322352,0.98382527,0.17084008,-0.041080687,-0.0016798794,-0.0038179078,1.0546389,9.592627,1.7433853,standing
5.08,0.0976229,0.9865099,0.17816179,-0.041080687,-0.0016798794,-0.0038179078,1.0546389,9.592627,1.7433853,standing
5.1,0.0976229,0.9865099,0.17816179,-0.041080687,-0.0016798794,-0.0038179078,1.0546389,9.592627,1.7433853,standing
5.11,0.0976229,0.9865099,0.17816179,-0.041080687,-0.0016798794,-0.0038179078,1.0546389,9.592627,1.7433853,standing
5.13,0.0976229,0.9865099,0.17816179,-0.041080687,-0.0016798794,-0.0038179078,1.0546389,9.592627,1.7433853,standing
5.15,0.0976229,0.9865099,0.17816179,-0.041080687,-0.0016798794,-0.0038179078,1.0546389,9.592627,1.7433853,standing
5.16,0.0976229,0.9865099,0.17816179,-0.041080687,-0.0016798794,-0.0038179078,1.0546389,9.592627,1.7433853,standing
5.18,0.0976229,0.9865099,0.17816179,-0.041080687,-0.0016798794,-0.0038179078,1.0546389,9.592627,1.7433853,standing
5.19,0.0976229,0.9865099,0.17816179,-0.041080687,-0.0016798794,-0.0038179078,1.0546389,9.592627,1.7433853,standing
5.21,0.0976229,0.9865099,0.17816179,-0.010537425,-0.0035124752,0.013897184,1.0546389,9.592627,1.7433853,standing
5.22,0.0976229,0.9865099,0.17816179,-0.010537425,-0.0035124752,0.013897184,1.0925825,9.587423,1.7485952,standing
5.24,0.119588055,0.974063,0.17938207,-0.010537425,-0.0035124752,0.013897184,1.0925825,9.587423,1.7485952,standing
5.26,0.119588055,0.974063,0.17938207,-0.010537425,-0.0035124752,0.013897184,1.0925825,9.587423,1.7485952,standing
5.27,0.119588055,0.974063,0.17938207,-0.010537425,-0.0035124752,0.013897184,1.0925825,9.587423,1.7485952,standing
5.29,0.119588055,0.974063,0.17938207,-0.010537425,-0.0035124752,0.013897184,1.0925825,9.587423,1.7485952,standing
5.3,0.119588055,0.974063,0.17938207,-0.010537425,-0.0035124752,0.013897184,1.0925825,9.587423,1.7485952,standing
5.32,0.119588055,0.974063,0.17938207,-0.010537425,-0.0035124752,0.013897184,1.0925825,9.587423,1.7485952,standing
5.33,0.119588055,0.974063,0.17938207,-0.010537425,-0.0035124752,0.013897184,1.0925825,9.587423,1.7485952,standing
5.35,0.119588055,0.974063,0.17938207,-0.010537425,-0.0035124752,0.013897184,1.0925825,9.587423,1.7485952,standing
5.36,0.119588055,0.974063,0.17938207,-0.010537425,-0.0035124752,0.013897184,1.0925825,9.587423,1.7485952,standing
5.39,0.119588055,0.974063,0.17938207,-0.017256944,-0.010231993,0.0096211275,1.0925825,9.587423,1.7485952,standing
5.41,0.10836142,0.9811407,0.18206671,-0.017256944,-0.010231993,0.0096211275,1.1039416,9.583835,1.7611037,standing
5.42,0.102259986,0.9779679,0.17938207,-0.017256944,-0.010231993,0.0096211275,1.1039416,9.583835,1.7611037,standing
5.44,0.102259986,0.9779679,0.17938207,-0.017256944,-0.010231993,0.0096211275,1.1039416,9.583835,1.7611037,standing
5.46,0.102259986,0.9779679,0.17938207,-0.017256944,-0.010231993,0.0096211275,1.1039416,9.583835,1.7611037,standing
5.47,0.102259986,0.9779679,0.17938207,-0.017256944,-0.010231993,0.0096211275,1.1039416,9.583835,1.7611037,standing
5.49,0.102259986,0.9779679,0.17938207,-0.017256944,-0.010231993,0.0096211275,1.1039416,9.583835,1.7611037,standing
5.5,0.102259986,0.9779679,0.17938207,-0.017256944,-0.010231993,0.0096211275,1.1039416,9.583835,1.7611037,standing
5.52,0.102259986,0.9779679,0.17938207,-0.017256944,-0.010231993,0.0096211275,1.1039416,9.583835,1.7611037,standing
5.54,0.102259986,0.9779679,0.17938207,-0.017256944,-0.010231993,0.0096211275,1.1039416,9.583835,1.7611037,standing
5.55,0.102259986,0.9779679,0.17938207,-0.017256944,-0.010231993,0.0096211275,1.1039416,9.583835,1.7611037,standing
5.57,0.102259986,0.9779679,0.17938207,0.034055736,0.013591751,-0.006872234,1.1242256,9.579655,1.770987,standing
5.58,0.11202228,0.9708903,0.18401916,0.034055736,0.013591751,-0.006872234,1.1242256,9.579655,1.770987,standing
5.6,0.12349297,0.98260504,0.17450093,0.034055736,0.013591751,-0.006872234,1.1242256,9.579655,1.770987,standing
5.61,0.12349297,0.98260504,0.17450093,0.034055736,0.013591751,-0.006872234,1.1242256,9.579655,1.770987,standing
5.63,0.12349297,0.98260504,0.17450093,0.034055736,0.013591751,-0.006872234,1.1242256,9.579655,1.770987,standing
5.65,0.12349297,0.98260504,0.17450093,0.034055736,0.013591751,-0.006872234,1.1242256,9.579655,1.770987,standing
5.66,0.12349297,0.98260504,0.17450093,0.034055736,0.013591751,-0.006872234,1.1242256,9.579655,1.770987,standing
5.68,0.12349297,0.98260504,0.17450093,0.034055736,0.013591751,-0.006872234,1.1242256,9.579655,1.770987,standing
5.69,0.12349297,0.98260504,0.17450093,0.034055736,0.013591751,-0.006872234,1.1242256,9.579655,1.770987,standing
5.71,0.12349297,0.98260504,0.17450093,0.034055736,0.013591751,-0.006872234,1.1242256,9.579655,1.770987,standing
5.72,0.12349297,0.98260504,0.17450093,0.034055736,0.013591751,-0.006872234,1.1242256,9.579655,1.770987,standing
5.74,0.12349297,0.98260504,0.17450093,0.034055736,0.013591751,-0.006872234,1.1242256,9.579655,1.770987,standing
5.75,0.119099945,0.98016447,0.18133454,-0.009315695,-0.01572978,0.012064588,1.1277173,9.586866,1.7292355,standing
5.77,0.127886,0.97333086,0.16425052,-0.009315695,-0.01572978,0.012064588,1.1277173,9.586866,1.7292355,standing
5.79,0.127886,0.97333086,0.16425052,-0.009315695,-0.01572978,0.012064588,1.1277173,9.586866,1.7292355,standing
5.8,0.127886,0.97333086,0.16425052,-0.009315695,-0.01572978,0.012064588,1.1277173,9.586866,1.7292355,standing
5.82,0.127886,0.97333086,0.16425052,-0.009315695,-0.01572978,0.012064588,1.1277173,9.586866,1.7292355,standing
5.83,0.127886,0.97333086,0.16425052,-0.009315695,-0.01572978,0.012064588,1.1277173,9.586866,1.7292355,standing
5.85,0.127886,0.97333086,0.16425052,-0.009315695,-0.01572978,0.012064588,1.1277173,9.586866,1.7292355,standing
5.86,0.127886,0.97333086,0.16425052,-0.009315695,-0.01572978,0.012064588,1.1277173,9.586866,1.7292355,standing
5.89,0.127886,0.97333086,0.16425052,-0.009315695,-0.01572978,0.012064588,1.1277173,9.586866,1.7292355,standing
5.91,0.127886,0.97333086,0.16425052,-0.009315695,-0.01572978,0.012064588,1.1277173,9.586866,1.7292355,standing
5.92,0.127886,0.97333086,0.16425052,0.029168816,-0.04444045,-0.024587326,1.1277173,9.586866,1.7292355,standing
5.94,0.127886,0.97333086,0.16425052,0.029168816,-0.04444045,-0.024587326,1.1227216,9.580994,1.764659,standing
5.96,0.10348027,0.9813847,0.22868164,0.029168816,-0.04444045,-0.024587326,1.1227216,9.580994,1.764659,standing
5.98,0.10348027,0.9813847,0.22868164,0.029168816,-0.04444045,-0.024587326,1.1227216,9.580994,1.764659,standing
5.99,0.10348027,0.9813847,0.22868164,0.029168816,-0.04444045,-0.024587326,1.1227216,9.580994,1.764659,standing
6.01,0.10348027,0.9813847,0.22868164,0.029168816,-0.04444045,-0.024587326,1.1227216,9.580994,1.764659,standing
6.02,0.10348027,0.9813847,0.22868164,0.029168816,-0.04444045,-0.024587326,1.1227216,9.580994,1.764659,standing
6.04,0.10348027,0.9813847,0.22868164,0.029168816,-0.04444045,-0.024587326,1.1227216,9.580994,1.764659,standing
6.06,0.10348027,0.9813847,0.22868164,0.029168816,-0.04444045,-0.024587326,1.1227216,9.580994,1.764659,standing
6.07,0.10348027,0.9813847,0.22868164,0.029168816,-0.04444045,-0.024587326,1.1227216,9.580994,1.764659,standing
6.09,0.10348027,0.9813847,0.22868164,0.029168816,-0.04444045,-0.024587326,1.1227216,9.580994,1.764659,standing
6.1,0.10348027,0.9813847,0.22868164,0.029168816,-0.04444045,-0.024587326,1.1227216,9.580994,1.764659,standing
6.12,0.10348027,0.9813847,0.22868164,0.029168816,-0.04444045,-0.024587326,1.1227216,9.580994,1.764659,standing
6.13,0.10348027,0.9813847,0.22868164,0.029168816,-0.04444045,-0.024587326,1.1227216,9.580994,1.764659,standing
6.15,0.10348027,0.9813847,0.22868164,0.029168816,-0.04444045,-0.024587326,1.1227216,9.580994,1.764659,standing
6.16,0.10348027,0.9813847,0.22868164,0.029168816,-0.04444045,-0.024587326,1.1227216,9.580994,1.764659,standing
6.18,0.10348027,0.9813847,0.22868164,0.029168816,-0.04444045,-0.024587326,1.1227216,9.580994,1.764659,standing
6.21,0.12910628,0.9650328,0.17742962,-0.09728029,-0.034055736,0.045662176,1.0919287,9.603342,1.6593504,standing
6.23,0.12910628,0.9650328,0.17742962,-0.09728029,-0.034055736,0.045662176,1.0919287,9.603342,1.6593504,standing
6.24,0.12910628,0.9650328,0.17742962,-0.09728029,-0.034055736,0.045662176,1.0919287,9.603342,1.6593504,standing
6.26,0.12910628,0.9650328,0.17742962,-0.09728029,-0.034055736,0.045662176,1.0919287,9.603342,1.6593504,standing
6.27,0.12910628,0.9650328,0.17742962,-0.09728029,-0.034055736,0.045662176,1.0919287,9.603342,1.6593504,standing
6.29,0.12910628,0.9650328,0.17742962,-0.026419923,-0.02733622,0.005955936,1.0948385,9.591781,1.7231433,standing
6.31,0.106164895,0.98358124,0.18109047,-0.026419923,-0.02733622,0.005955936,1.0948385,9.591781,1.7231433,standing
6.32,0.106164895,0.98358124,0.18109047,-0.026419923,-0.02733622,0.005955936,1.0948385,9.591781,1.7231433,standing
6.34,0.106164895,0.98358124,0.18109047,-0.026419923,-0.02733622,0.005955936,1.0948385,9.591781,1.7231433,standing
6.36,0.106164895,0.98358124,0.18109047,-0.026419923,-0.02733622,0.005955936,1.0948385,9.591781,1.7231433,standing
6.37,0.106164895,0.98358124,0.18109047,-0.026419923,-0.02733622,0.005955936,1.0948385,9.591781,1.7231433,standing
6.39,0.106164895,0.98358124,0.18109047,-0.026419923,-0.02733622,0.005955936,1.0948385,9.591781,1.7231433,standing
6.41,0.106164895,0.98358124,0.18109047,-0.026419923,-0.02733622,0.005955936,1.0948385,9.591781,1.7231433,standing
6.42,0.106164895,0.98358124,0.18109047,-0.026419923,-0.02733622,0.005955936,1.0948385,9.591781,1.7231433,standing
6.44,0.106164895,0.98358124,0.18109047,-0.026419923,-0.02733622,0.005955936,1.0948385,9.591781,1.7231433,standing
6.46,0.106164895,0.98358124,0.18109047,-0.0062613687,-0.00045814895,0.005955936,1.0948385,9.591781,1.7231433,standing
6.47,0.106164895,0.98358124,0.18109047,-0.0062613687,-0.00045814895,0.005955936,1.0948385,9.591781,1.7231433,standing
6.49,0.106164895,0.98358124,0.18109047,-0.0062613687,-0.00045814895,0.005955936,1.0876819,9.590927,1.7323794,standing
6.5,0.11592719,0.96966994,0.1696198,-0.0062613687,-0.00045814895,0.005955936,1.0876819,9.590927,1.7323794,standing
6.52,0.11592719,0.96966994,0.1696198,-0.0062613687,-0.00045814895,0.005955936,1.0876819,9.590927,1.7323794,standing
6.54,0.11592719,0.96966994,0.1696198,-0.0062613687,-0.00045814895,0.005955936,1.0876819,9.590927,1.7323794,standing
6.56,0.11592719,0.96966994,0.1696198,-0.0062613687,-0.00045814895,0.005955936,1.0876819,9.590927,1.7323794,standing
6.57,0.11592719,0.96966994,0.1696198,-0.0062613687,-0.00045814895,0.005955936,1.0876819,9.590927,1.7323794,standing
6.59,0.11592719,0.96966994,0.1696198,-0.0062613687,-0.00045814895,0.005955936,1.0876819,9.590927,1.7323794,standing
6.61,0.11592719,0.96966994,0.1696198,-0.0062613687,-0.00045814895,0.005955936,1.0876819,9.590927,1.7323794,standing
6.62,0.11592719,0.96966994,0.1696198,-0.0062613687,-0.00045814895,0.005955936,1.0876819,9.590927,1.7323794,standing
6.64,0.11592719,0.96966994,0.1696198,-0.0062613687,-0.00045814895,0.005955936,1.0876819,9.590927,1.7323794,standing
6.65,0.11592719,0.96966994,0.1696198,-0.0062613687,-0.00045814895,0.005955936,1.1007377,9.587224,1.7446386,standing
6.67,0.106164895,0.9850456,0.18206671,-0.0056505036,0.018478673,-0.0056505036,1.1007377,9.587224,1.7446386,standing
6.68,0.106164895,0.9850456,0.18206671,-0.0056505036,0.018478673,-0.0056505036,1.1007377,9.587224,1.7446386,standing
6.7,0.106164895,0.9850456,0.18206671,-0.0056505036,0.018478673,-0.0056505036,1.1007377,9.587224,1.7446386,standing
6.71,0.106164895,0.9850456,0.18206671,-0.0056505036,0.018478673,-0.0056505036,1.1007377,9.587224,1.7446386,standing
6.73,0.106164895,0.9850456,0.18206671,-0.0056505036,0.018478673,-0.0056505036,1.1007377,9.587224,1.7446386,standing
6.75,0.106164895,0.9850456,0.18206671,-0.0056505036,0.018478673,-0.0056505036,1.1007377,9.587224,1.7446386,standing
6.76,0.106164895,0.9850456,0.18206671,-0.0056505036,0.018478673,-0.0056505036,1.1007377,9.587224,1.7446386,standing
6.78,0.106164895,0.9850456,0.18206671,-0.0056505036,0.018478673,-0.0056505036,1.1007377,9.587224,1.7446386,standing
6.79,0.106164895,0.9850456,0.18206671,-0.0056505036,0.018478673,-0.0056505036,1.1007377,9.587224,1.7446386,standing
6.81,0.106164895,0.9850456,0.18206671,-0.0056505036,0.018478673,-0.0056505036,1.1007377,9.587224,1.7446386,standing
6.83,0.106164895,0.9850456,0.18206671,0.02733622,0.026419923,0.038331795,1.0757725,9.5900345,1.7446611,standing
6.84,0.106164895,0.9850456,0.18206671,0.02733622,0.026419923,0.038331795,1.0757725,9.5900345,1.7446611,standing
6.86,0.122516744,0.9684497,0.1701079,0.02733622,0.026419923,0.038331795,1.0757725,9.5900345,1.7446611,standing
6.87,0.122516744,0.9684497,0.1701079,0.02733622,0.026419923,0.038331795,1.0757725,9.5900345,1.7446611,standing
6.89,0.122516744,0.9684497,0.1701079,0.02733622,0.026419923,0.038331795,1.0757725,9.5900345,1.7446611,standing
6.9,0.122516744,0.9684497,0.1701079,0.02733622,0.026419923,0.038331795,1.0757725,9.5900345,1.7446611,standing
6.92,0.122516744,0.9684497,0.1701079,0.02733622,0.026419923,0.038331795,1.0757725,9.5900345,1.7446611,standing
6.93,0.122516744,0.9684497,0.1701079,0.02733622,0.026419923,0.038331795,1.0757725,9.5900345,1.7446611,standing
6.95,0.122516744,0.9684497,0.1701079,0.02733622,0.026419923,0.038331795,1.0757725,9.5900345,1.7446611,standing
6.97,0.122516744,0.9684497,0.1701079,0.02733622,0.026419923,0.038331795,1.0757725,9.5900345,1.7446611,standing
6.98,0.122516744,0.9684497,0.1701079,0.02733622,0.026419923,0.038331795,1.0757725,9.5900345,1.7446611,standing
7.0,0.122516744,0.9684497,0.1701079,0.02733622,0.026419923,0.038331795,1.0757725,9.5900345,1.7446611,standing
7.03,0.12398108,0.9745511,0.18157859,-0.00076358154,-0.041996986,-0.02031127,1.1070058,9.589953,1.7255025,standing
7.04,0.12715383,0.9787001,0.18157859,-0.00076358154,-0.041996986,-0.02031127,1.1070058,9.589953,1.7255025,standing
7.06,0.12715383,0.9787001,0.18157859,-0.00076358154,-0.041996986,-0.02031127,1.1070058,9.589953,1.7255025,standing
7.07,0.12715383,0.9787001,0.18157859,-0.00076358154,-0.041996986,-0.02031127,1.1070058,9.589953,1.7255025,standing
7.09,0.12715383,0.9787001,0.18157859,-0.00076358154,-0.041996986,-0.02031127,1.1070058,9.589953,1.7255025,standing
7.11,0.12715383,0.9787001,0.18157859,-0.00076358154,-0.041996986,-0.02031127,1.1070058,9.589953,1.7255025,standing
7.12,0.12715383,0.9787001,0.18157859,-0.00076358154,-0.041996986,-0.02031127,1.1070058,9.589953,1.7255025,standing
7.14,0.12715383,0.9787001,0.18157859,-0.00076358154,-0.041996986,-0.02031127,1.1070058,9.589953,1.7255025,standing
7.15,0.12715383,0.9787001,0.18157859,-0.00076358154,-0.041996986,-0.02031127,1.1070058,9.589953,1.7255025,standing
7.17,0.12715383,0.9787001,0.18157859,-0.00076358154,-0.041996986,-0.02031127,1.1070058,9.589953,1.7255025,standing
7.18,0.12715383,0.9787001,0.18157859,-0.018478673,0.014813482,0.027947085,1.0928224,9.596829,1.6960791,standing
7.2,0.12715383,0.9787001,0.18157859,-0.018478673,0.014813482,0.027947085,1.0928224,9.596829,1.6960791,standing
7.21,0.11031388,0.97284275,0.16986385,-0.018478673,0.014813482,0.027947085,1.0928224,9.596829,1.6960791,standing
7.23,0.11031388,0.97284275,0.16986385,-0.018478673,0.014813482,0.027947085,1.0928224,9.596829,1.6960791,standing
7.25,0.11031388,0.97284275,0.16986385,-0.018478673,0.014813482,0.027947085,1.0928224,9.596829,1.6960791,standing
7.26,0.11031388,0.97284275,0.16986385,-0.018478673,0.014813482,0.027947085,1.0928224,9.596829,1.6960791,standing
7.28,0.11031388,0.97284275,0.16986385,-0.018478673,0.014813482,0.027947085,1.0928224,9.596829,1.6960791,standing
7.29,0.11031388,0.97284275,0.16986385,-0.018478673,0.014813482,0.027947085,1.0928224,9.596829,1.6960791,standing
7.31,0.11031388,0.97284275,0.16986385,-0.018478673,0.014813482,0.027947085,1.0928224,9.596829,1.6960791,standing
7.32,0.11031388,0.97284275,0.16986385,-0.018478673,0.014813482,0.027947085,1.0928224,9.596829,1.6960791,standing
7.34,0.11031388,0.97284275,0.16986385,-0.018478673,0.014813482,0.027947085,1.0928224,9.596829,1.6960791,standing
7.36,0.11031388,0.97284275,0.16986385,-0.018478673,0.014813482,0.027947085,1.0928224,9.596829,1.6960791,standing
7.38,0.11031388,0.97284275,0.16986385,-0.016035212,-0.019394971,0.00290161,1.1045508,9.591251,1.7198625,standing
7.39,0.107385196,0.9799203,0.1803583,-0.016035212,-0.019394971,0.00290161,1.1045508,9.591251,1.7198625,standing
7.41,0.107385196,0.9799203,0.1803583,-0.016035212,-0.019394971,0.00290161,1.1045508,9.591251,1.7198625,standing
7.42,0.11226633,0.9879743,0.18206671,-0.016035212,-0.019394971,0.00290161,1.1045508,9.591251,1.7198625,standing
7.44,0.11226633,0.9879743,0.18206671,-0.016035212,-0.019394971,0.00290161,1.1045508,9.591251,1.7198625,standing
7.46,0.11226633,0.9879743,0.18206671,-0.016035212,-0.019394971,0.00290161,1.1045508,9.591251,1.7198625,standing
7.48,0.11226633,0.9879743,0.18206671,-0.016035212,-0.019394971,0.00290161,1.1045508,9.591251,1.7198625,standing
7.49,0.11226633,0.9879743,0.18206671,-0.016035212,-0.019394971,0.00290161,1.1045508,9.591251,1.7198625,standing
7.51,0.11226633,0.9879743,0.18206671,-0.016035212,-0.019394971,0.00290161,1.1045508,9.591251,1.7198625,standing
7.52,0.11226633,0.9879743,0.18206671,-0.016035212,-0.019394971,0.00290161,1.1045508,9.591251,1.7198625,standing
7.54,0.11226633,0.9879743,0.18206671,-0.019700404,0.01786781,0.024892759,1.1197441,9.590979,1.7115778,standing
7.56,0.11226633,0.9879743,0.18206671,-0.019700404,0.01786781,0.024892759,1.1197441,9.590979,1.7115778,standing
7.57,0.12886222,0.9735749,0.17718557,-0.019700404,0.01786781,0.024892759,1.1197441,9.590979,1.7115778,standing
7.59,0.12886222,0.9735749,0.17718557,-0.019700404,0.01786781,0.024892759,1.1197441,9.590979,1.7115778,standing
7.61,0.12886222,0.9735749,0.17718557,-0.019700404,0.01786781,0.024892759,1.1197441,9.590979,1.7115778,standing
7.62,0.12886222,0.9735749,0.17718557,-0.019700404,0.01786781,0.024892759,1.1197441,9.590979,1.7115778,standing
7.64,0.12886222,0.9735749,0.17718557,-0.019700404,0.01786781,0.024892759,1.1197441,9.590979,1.7115778,standing
7.65,0.12886222,0.9735749,0.17718557,-0.019700404,0.01786781,0.024892759,1.1197441,9.590979,1.7115778,standing
7.67,0.12886222,0.9735749,0.17718557,-0.019700404,0.01786781,0.024892759,1.1197441,9.590979,1.7115778,standing
7.68,0.12886222,0.9735749,0.17718557,-0.019700404,0.01786781,0.024892759,1.1197441,9.590979,1.7115778,standing
7.7,0.12886222,0.9735749,0.17718557,-0.019700404,0.01786781,0.024892759,1.1197441,9.590979,1.7115778,standing
7.72,0.12886222,0.9735749,0.17718557,-0.019700404,0.01786781,0.024892759,1.1197441,9.590979,1.7115778,standing
7.73,0.12886222,0.9735749,0.17718557,-0.019700404,0.01786781,0.024892759,1.1197441,9.590979,1.7115778,standing
7.75,0.11226633,0.9787001,0.16864355,0.02733622,-0.0041233404,0.01450805,1.123195,9.59062,1.711249,standing
7.76,0.11226633,0.9787001,0.16864355,0.02733622,-0.0041233404,0.01450805,1.123195,9.59062,1.711249,standing
7.78,0.11226633,0.9787001,0.16864355,0.02733622,-0.0041233404,0.01450805,1.123195,9.59062,1.711249,standing
7.79,0.11226633,0.9787001,0.16864355,0.02733622,-0.0041233404,0.01450805,1.123195,9.59062,1.711249,standing
7.81,0.11226633,0.9787001,0.16864355,0.02733622,-0.0041233404,0.01450805,1.123195,9.59062,1.711249,standing
7.82,0.11226633,0.9787001,0.16864355,0.02733622,-0.0041233404,0.01450805,1.123195,9.59062,1.711249,standing
7.84,0.11226633,0.9787001,0.16864355,0.02733622,-0.0041233404,0.01450805,1.123195,9.59062,1.711249,standing
7.86,0.11226633,0.9787001,0.16864355,0.02733622,-0.0041233404,0.01450805,1.123195,9.59062,1.711249,standing
7.88,0.11226633,0.9787001,0.16864355,0.02733622,-0.0041233404,0.01450805,1.123195,9.59062,1.711249,standing
7.89,0.11226633,0.9787001,0.16864355,0.02733622,-0.0041233404,0.01450805,1.123195,9.59062,1.711249,standing
7.91,0.11226633,0.9787001,0.16864355,0.02733622,-0.0041233404,0.01450805,1.1985891,9.577316,1.7344267,standing
7.93,0.13618395,0.986998,0.19548985,-0.014202617,-0.0664316,0.06093381,1.1985891,9.577316,1.7344267,standing
7.95,0.14423785,0.9725986,0.18548352,-0.014202617,-0.0664316,0.06093381,1.1985891,9.577316,1.7344267,standing
7.96,0.14423785,0.9725986,0.18548352,-0.014202617,-0.0664316,0.06093381,1.1985891,9.577316,1.7344267,standing
7.98,0.14423785,0.9725986,0.18548352,-0.014202617,-0.0664316,0.06093381,1.1985891,9.577316,1.7344267,standing
7.99,0.14423785,0.9725986,0.18548352,-0.014202617,-0.0664316,0.06093381,1.1985891,9.577316,1.7344267,standing
8.01,0.14423785,0.9725986,0.18548352,-0.014202617,-0.0664316,0.06093381,1.1985891,9.577316,1.7344267,standing
8.02,0.14423785,0.9725986,0.18548352,-0.014202617,-0.0664316,0.06093381,1.1985891,9.577316,1.7344267,standing
8.04,0.14423785,0.9725986,0.18548352,-0.014202617,-0.0664316,0.06093381,1.1985891,9.577316,1.7344267,standing
8.06,0.14423785,0.9725986,0.18548352,-0.014202617,-0.0664316,0.06093381,1.1985891,9.577316,1.7344267,standing
8.08,0.14423785,0.9725986,0.18548352,-0.014202617,-0.0664316,0.06093381,1.1985891,9.577316,1.7344267,standing
8.09,0.14423785,0.9725986,0.18548352,0.015118915,0.008093964,0.0071776668,1.1733125,9.584297,1.7130841,standing
8.11,0.14423785,0.9725986,0.18548352,0.015118915,0.008093964,0.0071776668,1.1733125,9.584297,1.7130841,standing
8.12,0.12373702,0.98358124,0.15302388,0.015118915,0.008093964,0.0071776668,1.1733125,9.584297,1.7130841,standing
8.14,0.12373702,0.98358124,0.15302388,0.015118915,0.008093964,0.0071776668,1.1733125,9.584297,1.7130841,standing
8.16,0.12056428,0.9730868,0.17889395,0.015118915,0.008093964,0.0071776668,1.1733125,9.584297,1.7130841,standing
8.17,0.12056428,0.9730868,0.17889395,0.015118915,0.008093964,0.0071776668,1.1733125,9.584297,1.7130841,standing
8.19,0.12056428,0.9730868,0.17889395,0.015118915,0.008093964,0.0071776668,1.1733125,9.584297,1.7130841,standing
8.2,0.12056428,0.9730868,0.17889395,0.015118915,0.008093964,0.0071776668,1.1733125,9.584297,1.7130841,standing
8.22,0.12056428,0.9730868,0.17889395,0.015118915,0.008093964,0.0071776668,1.1733125,9.584297,1.7130841,standing
8.23,0.12056428,0.9730868,0.17889395,0.015118915,0.008093964,0.0071776668,1.1733125,9.584297,1.7130841,standing
8.25,0.12056428,0.9730868,0.17889395,0.015118915,0.008093964,0.0071776668,1.1733125,9.584297,1.7130841,standing
8.27,0.12056428,0.9730868,0.17889395,-0.010537425,-0.01450805,-0.05024367,1.2129225,9.580953,1.7041467,standing
8.28,0.13227904,0.98260504,0.19231711,-0.010537425,-0.01450805,-0.05024367,1.2129225,9.580953,1.7041467,standing
8.3,0.12032023,0.98675394,0.18279888,-0.010537425,-0.01450805,-0.05024367,1.2129225,9.580953,1.7041467,standing
8.31,0.12032023,0.98675394,0.18279888,-0.010537425,-0.01450805,-0.05024367,1.2129225,9.580953,1.7041467,standing
8.33,0.12032023,0.98675394,0.18279888,-0.010537425,-0.01450805,-0.05024367,1.2129225,9.580953,1.7041467,standing
8.34,0.12032023,0.98675394,0.18279888,-0.010537425,-0.01450805,-0.05024367,1.2129225,9.580953,1.7041467,standing
8.36,0.12032023,0.98675394,0.18279888,-0.010537425,-0.01450805,-0.05024367,1.2129225,9.580953,1.7041467,standing
8.38,0.12032023,0.98675394,0.18279888,-0.010537425,-0.01450805,-0.05024367,1.2129225,9.580953,1.7041467,standing
8.39,0.12032023,0.98675394,0.18279888,-0.010537425,-0.01450805,-0.05024367,1.2129225,9.580953,1.7041467,standing
8.41,0.12032023,0.98675394,0.18279888,-0.010537425,-0.01450805,-0.05024367,1.2129225,9.580953,1.7041467,standing
8.43,0.12032023,0.98675394,0.18279888,-0.010537425,-0.01450805,-0.05024367,1.2129225,9.580953,1.7041467,standing
8.44,0.12032023,0.98675394,0.18279888,0.030390546,0.053297993,0.043218717,1.0999238,9.60167,1.6638126,standing
8.46,0.12032023,0.98675394,0.18279888,0.030390546,0.053297993,0.043218717,1.0999238,9.60167,1.6638126,standing
8.48,0.119099945,0.9628363,0.15668476,0.030390546,0.053297993,0.043218717,1.0999238,9.60167,1.6638126,standing
8.49,0.119099945,0.9628363,0.15668476,0.030390546,0.053297993,0.043218717,1.0999238,9.60167,1.6638126,standing
8.51,0.119099945,0.9628363,0.15668476,0.030390546,0.053297993,0.043218717,1.0999238,9.60167,1.6638126,standing
8.52,0.119099945,0.9628363,0.15668476,0.030390546,0.053297993,0.043218717,1.0999238,9.60167,1.6638126,standing
8.54,0.119099945,0.9628363,0.15668476,0.030390546,0.053297993,0.043218717,1.0999238,9.60167,1.6638126,standing
8.55,0.119099945,0.9628363,0.15668476,0.030390546,0.053297993,0.043218717,1.0999238,9.60167,1.6638126,standing
8.57,0.119099945,0.9628363,0.15668476,0.030390546,0.053297993,0.043218717,1.0999238,9.60167,1.6638126,standing
8.58,0.119099945,0.9628363,0.15668476,0.030390546,0.053297993,0.043218717,1.0999238,9.60167,1.6638126,standing
8.6,0.119099945,0.9628363,0.15668476,0.030390546,0.053297993,0.043218717,1.0999238,9.60167,1.6638126,standing
8.61,0.119099945,0.9628363,0.15668476,0.030390546,0.053297993,0.043218717,1.0999238,9.60167,1.6638126,standing
8.63,0.119099945,0.9628363,0.15668476,0.01817324,-0.029168816,-0.042913284,1.2011232,9.585177,1.6886908,standing
8.64,0.12593354,0.96356845,0.14692247,0.01817324,-0.029168816,-0.042913284,1.2011232,9.585177,1.6886908,standing
8.66,0.14399378,0.97381896,0.19841854,0.01817324,-0.029168816,-0.042913284,1.2011232,9.585177,1.6886908,standing
8.67,0.11275445,0.9879743,0.18450728,0.01817324,-0.029168816,-0.042913284,1.2011232,9.585177,1.6886908,standing
8.69,0.11275445,0.9879743,0.18450728,0.01817324,-0.029168816,-0.042913284,1.2011232,9.585177,1.6886908,standing
8.71,0.11275445,0.9879743,0.18450728,0.01817324,-0.029168816,-0.042913284,1.2011232,9.585177,1.6886908,standing
8.72,0.11275445,0.9879743,0.18450728,0.01817324,-0.029168816,-0.042913284,1.2011232,9.585177,1.6886908,standing
8.74,0.11275445,0.9879743,0.18450728,0.01817324,-0.029168816,-0.042913284,1.2011232,9.585177,1.6886908,standing
8.75,0.11275445,0.9879743,0.18450728,0.01817324,-0.029168816,-0.042913284,1.2011232,9.585177,1.6886908,standing
8.77,0.11275445,0.9879743,0.18450728,0.01817324,-0.029168816,-0.042913284,1.2011232,9.585177,1.6886908,standing
8.78,0.11275445,0.9879743,0.18450728,0.01817324,-0.029168816,-0.042913284,1.2011232,9.585177,1.6886908,standing
8.8,0.11275445,0.9879743,0.18450728,0.01817324,-0.029168816,-0.042913284,1.2011232,9.585177,1.6886908,standing
8.81,0.11275445,0.9879743,0.18450728,-0.010537425,0.0032070426,0.01695151,1.1871579,9.592515,1.6566365,standing
8.83,0.11836776,0.9711343,0.15546446,-0.010537425,0.0032070426,0.01695151,1.1871579,9.592515,1.6566365,standing
8.85,0.11836776,0.9711343,0.15546446,-0.010537425,0.0032070426,0.01695151,1.1871579,9.592515,1.6566365,standing
8.86,0.11836776,0.9711343,0.15546446,-0.010537425,0.0032070426,0.01695151,1.1871579,9.592515,1.6566365,standing
8.88,0.11836776,0.9711343,0.15546446,-0.010537425,0.0032070426,0.01695151,1.1871579,9.592515,1.6566365,standing
8.9,0.11836776,0.9711343,0.15546446,-0.010537425,0.0032070426,0.01695151,1.1871579,9.592515,1.6566365,standing
8.91,0.11836776,0.9711343,0.15546446,-0.010537425,0.0032070426,0.01695151,1.1871579,9.592515,1.6566365,standing
8.93,0.11836776,0.9711343,0.15546446,-0.010537425,0.0032070426,0.01695151,1.1871579,9.592515,1.6566365,standing
8.95,0.11836776,0.9711343,0.15546446,-0.010537425,0.0032070426,0.01695151,1.1871579,9.592515,1.6566365,standing
8.96,0.11836776,0.9711343,0.15546446,-0.010537425,0.0032070426,0.01695151,1.1871579,9.592515,1.6566365,standing
8.98,0.11836776,0.9711343,0.15546446,-0.010537425,0.0032070426,0.01695151,1.1871579,9.592515,1.6566365,standing
8.99,0.11836776,0.9711343,0.15546446,0.030390546,-0.009010263,-0.033750303,1.1794661,9.588962,1.6825104,standing
9.01,0.12910628,0.978212,0.1718163,0.030390546,-0.009010263,-0.033750303,1.1794661,9.588962,1.6825104,standing
9.02,0.11519502,0.9823609,0.16791138,0.030390546,-0.009010263,-0.033750303,1.1794661,9.588962,1.6825104,standing
9.04,0.11519502,0.9823609,0.16791138,0.030390546,-0.009010263,-0.033750303,1.1794661,9.588962,1.6825104,standing
9.05,0.11519502,0.9823609,0.16791138,0.030390546,-0.009010263,-0.033750303,1.1794661,9.588962,1.6825104,standing
9.07,0.11519502,0.9823609,0.16791138,0.030390546,-0.009010263,-0.033750303,1.1794661,9.588962,1.6825104,standing
9.09,0.11519502,0.9823609,0.16791138,0.030390546,-0.009010263,-0.033750303,1.1794661,9.588962,1.6825104,standing
9.11,0.11519502,0.9823609,0.16791138,0.030390546,-0.009010263,-0.033750303,1.1794661,9.588962,1.6825104,standing
9.13,0.11519502,0.9823609,0.16791138,0.030390546,-0.009010263,-0.033750303,1.1794661,9.588962,1.6825104,standing
9.14,0.11519502,0.9823609,0.16791138,0.030390546,-0.009010263,-0.033750303,1.1794661,9.588962,1.6825104,standing
9.16,0.11519502,0.9823609,0.16791138,0.030390546,-0.009010263,-0.033750303,1.1794661,9.588962,1.6825104,standing
9.18,0.10372432,0.9821169,0.17889395,-0.016035212,-0.00045814895,0.0096211275,1.1523774,9.594892,1.6673741,standing
9.19,0.10372432,0.9821169,0.17889395,-0.016035212,-0.00045814895,0.0096211275,1.1523774,9.594892,1.6673741,standing
9.21,0.12032023,0.9752833,0.16742326,-0.016035212,-0.00045814895,0.0096211275,1.1523774,9.594892,1.6673741,standing
9.22,0.12032023,0.9752833,0.16742326,-0.016035212,-0.00045814895,0.0096211275,1.1523774,9.594892,1.6673741,standing
9.24,0.12032023,0.9752833,0.16742326,-0.016035212,-0.00045814895,0.0096211275,1.1523774,9.594892,1.6673741,standing
9.26,0.12032023,0.9752833,0.16742326,-0.016035212,-0.00045814895,0.0096211275,1.1523774,9.594892,1.6673741,standing
9.27,0.12032023,0.9752833,0.16742326,-0.016035212,-0.00045814895,0.0096211275,1.1523774,9.594892,1.6673741,standing
9.29,0.12032023,0.9752833,0.16742326,-0.016035212,-0.00045814895,0.0096211275,1.1523774,9.594892,1.6673741,standing
9.3,0.12032023,0.9752833,0.16742326,-0.016035212,-0.00045814895,0.0096211275,1.1523774,9.594892,1.6673741,standing
9.32,0.12032023,0.9752833,0.16742326,-0.016035212,-0.00045814895,0.0096211275,1.1523774,9.594892,1.6673741,standing
9.33,0.12032023,0.9752833,0.16742326,-0.016035212,-0.00045814895,0.0096211275,1.1523774,9.594892,1.6673741,standing
9.35,0.12032023,0.9752833,0.16742326,-0.016035212,-0.00045814895,0.0096211275,1.1523774,9.594892,1.6673741,standing
9.37,0.11983211,0.9730868,0.1615659,-0.033750303,-0.02977968,-0.010537425,1.1513567,9.588788,1.7027807,standing
9.4,0.11324256,0.98431337,0.17889395,-0.033750303,-0.02977968,-0.010537425,1.1513567,9.588788,1.7027807,standing
9.41,0.11324256,0.98431337,0.17889395,-0.033750303,-0.02977968,-0.010537425,1.1513567,9.588788,1.7027807,standing
9.43,0.11324256,0.98431337,0.17889395,-0.033750303,-0.02977968,-0.010537425,1.1513567,9.588788,1.7027807,standing
9.45,0.11324256,0.98431337,0.17889395,-0.033750303,-0.02977968,-0.010537425,1.1513567,9.588788,1.7027807,standing
9.46,0.11324256,0.98431337,0.17889395,-0.033750303,-0.02977968,-0.010537425,1.1513567,9.588788,1.7027807,standing
9.48,0.11324256,0.98431337,0.17889395,-0.033750303,-0.02977968,-0.010537425,1.1513567,9.588788,1.7027807,standing
9.49,0.11324256,0.98431337,0.17889395,-0.033750303,-0.02977968,-0.010537425,1.1513567,9.588788,1.7027807,standing
9.51,0.11324256,0.98431337,0.17889395,-0.033750303,-0.02977968,-0.010537425,1.1513567,9.588788,1.7027807,standing
9.52,0.11324256,0.98431337,0.17889395,0.031001411,-0.008399397,0.032223143,1.1196984,9.592632,1.7023473,standing
9.54,0.11324256,0.98431337,0.17889395,0.031001411,-0.008399397,0.032223143,1.1196984,9.592632,1.7023473,standing
9.55,0.11324256,0.98431337,0.17889395,0.031001411,-0.008399397,0.032223143,1.1196984,9.592632,1.7023473,standing
9.57,0.12202863,0.9777239,0.16425052,0.031001411,-0.008399397,0.032223143,1.1196984,9.592632,1.7023473,standing
9.59,0.12202863,0.9777239,0.16425052,0.031001411,-0.008399397,0.032223143,1.1196984,9.592632,1.7023473,standing
9.6,0.12202863,0.9777239,0.16425052,0.031001411,-0.008399397,0.032223143,1.1196984,9.592632,1.7023473,standing
9.62,0.12202863,0.9777239,0.16425052,0.031001411,-0.008399397,0.032223143,1.1196984,9.592632,1.7023473,standing
9.65,0.12202863,0.9777239,0.16425052,0.031001411,-0.008399397,0.032223143,1.1196984,9.592632,1.7023473,standing
9.66,0.12202863,0.9777239,0.16425052,0.031001411,-0.008399397,0.032223143,1.1196984,9.592632,1.7023473,standing
9.68,0.12202863,0.9777239,0.16425052,0.031001411,-0.008399397,0.032223143,1.1196984,9.592632,1.7023473,standing
9.7,0.12202863,0.9777239,0.16425052,0.031001411,-0.008399397,0.032223143,1.1196984,9.592632,1.7023473,standing
9.71,0.12202863,0.9777239,0.16425052,-0.03313944,-0.020616703,-0.00015271631,1.1225985,9.594798,1.6881591,standing
9.73,0.12202863,0.9777239,0.16425052,-0.03313944,-0.020616703,-0.00015271631,1.1225985,9.594798,1.6881591,standing
9.74,0.12202863,0.9777239,0.16425052,-0.03313944,-0.020616703,-0.00015271631,1.1225985,9.594798,1.6881591,standing
9.76,0.1181237,0.9789441,0.17352471,-0.03313944,-0.020616703,-0.00015271631,1.1225985,9.594798,1.6881591,standing
9.77,0.1181237,0.9789441,0.17352471,-0.03313944,-0.020616703,-0.00015271631,1.1225985,9.594798,1.6881591,standing
9.79,0.1181237,0.9789441,0.17352471,-0.03313944,-0.020616703,-0.00015271631,1.1225985,9.594798,1.6881591,standing
9.81,0.1181237,0.9789441,0.17352471,-0.03313944,-0.020616703,-0.00015271631,1.1225985,9.594798,1.6881591,standing
9.82,0.1181237,0.9789441,0.17352471,-0.03313944,-0.020616703,-0.00015271631,1.1225985,9.594798,1.6881591,standing
9.84,0.1181237,0.9789441,0.17352471,-0.03313944,-0.020616703,-0.00015271631,1.1225985,9.594798,1.6881591,standing
9.85,0.1181237,0.9789441,0.17352471,-0.03313944,-0.020616703,-0.00015271631,1.1225985,9.594798,1.6881591,standing
9.88,0.1181237,0.9789441,0.17352471,-0.03313944,-0.020616703,-0.00015271631,1.1143773,9.59004,1.7203006,standing
9.9,0.1181237,0.9789441,0.17352471,-0.039858956,0.018478673,-0.0025961774,1.1143773,9.59004,1.7203006,standing
9.91,0.1181237,0.9789441,0.17352471,-0.039858956,0.018478673,-0.0025961774,1.1143773,9.59004,1.7203006,standing
9.93,0.10518867,0.9762595,0.18304294,-0.039858956,0.018478673,-0.0025961774,1.1143773,9.59004,1.7203006,standing
9.95,0.10518867,0.9762595,0.18304294,-0.039858956,0.018478673,-0.0025961774,1.1143773,9.59004,1.7203006,standing
9.96,0.10518867,0.9762595,0.18304294,-0.039858956,0.018478673,-0.0025961774,1.1143773,9.59004,1.7203006,standing
9.98,0.10518867,0.9762595,0.18304294,-0.039858956,0.018478673,-0.0025961774,1.1143773,9.59004,1.7203006,standing
9.99,0.10518867,0.9762595,0.18304294,-0.039858956,0.018478673,-0.0025961774,1.1143773,9.59004,1.7203006,standing
10.01,0.10518867,0.9762595,0.18304294,-0.039858956,0.018478673,-0.0025961774,1.1143773,9.59004,1.7203006,standing
